{
  "version": "0.2.0",
  "configurations": [
    {
      "name": "Debug FileCompressor",
      "type": "cppdbg",
      "request": "launch",
      "program": "${workspaceFolder}/filecompressor.exe",
      "args": [],
      "stopAtEntry": false,
      "cwd": "${workspaceFolder}",
      "environment": [],
      "externalConsole": true,
      "MIMode": "gdb",
      "miDebuggerPath": "C:/MinGW/bin/gdb.exe",
      "setupCommands": [
        {
          "description": "Enable pretty-printing for gdb",
          "text": "-enable-pretty-printing",
          "ignoreFailures": true
        }
      ],
      "preLaunchTask": "Build FileCompressor"
    }
  ]
}