{
    "version": "2.0.0",
    "tasks": [
        {
            "label": "Build FileCompressor",
            "type": "shell",
            "command": "g++",
            "args": [
                "-g",
                "main.cpp",
                "compressor.cpp",
                "-o",
                "filecompressor.exe"
            ],
            "group": "build"
        },
        {
            "type": "cppbuild",
            "label": "C/C++: g++.exe build active file",
            "command": "C:\\MinGW\\bin\\g++.exe",
            "args": [
                "-fdiagnostics-color=always",
                "-g",
                "${file}",
                "-o",
                "${fileDirname}\\${fileBasenameNoExtension}.exe"
            ],
            "options": {
                "cwd": "${fileDirname}"
            },
            "problemMatcher": [
                "$gcc"
            ],
            "group": {
                "kind": "build",
                "isDefault": true
            },
            "detail": "Task generated by Debugger."
        }
    ]
}